PAM,Tier,n,Fraction Active
TTTA,TTTV,130,0.9846153846153847
TTTC,TTTV,198,0.9545454545454546
TTTG,TTTV,164,0.9451219512195121
TTCC,Tier 1,200,0.88
ATTA,Tier 2,77,0.8051948051948052
GTTA,Tier 2,49,0.7959183673469388
CTTA,Tier 1,102,0.7549019607843137
ATTC,Tier 1,93,0.7419354838709677
TTCA,Tier 1,200,0.73
TTTT,Tier 1,200,0.725
TATA,Tier 1,59,0.711864406779661
GTTC,Tier 1,144,0.7083333333333334
TATC,Tier 1,100,0.7
CTTC,Tier 1,200,0.625
TTCG,Tier 1,63,0.6190476190476191
TCCC,Tier 1,199,0.5628140703517588
CTCC,Tier 1,200,0.56
TGTA,Tier 2,116,0.5517241379310345
ATCC,Tier 2,159,0.5345911949685535
TGTC,Tier 2,198,0.5202020202020202
GTTG,Tier 2,156,0.5128205128205128
TACC,Tier 3,127,0.49606299212598426
CTTG,Tier 1,200,0.485
ATTG,Tier 2,123,0.4634146341463415
CCCC,Tier 2,200,0.46
TTCT,Tier 1,200,0.45
GTCC,Tier 2,188,0.4148936170212766
TATG,Tier 2,86,0.4069767441860465
TACA,Tier 1,135,0.362962962962963
TGCC,Tier 2,200,0.35
TGTG,Tier 2,200,0.295
AGTA,Tier 3,90,0.25555555555555554
CTCA,Tier 3,200,0.255
TCCA,Tier 3,200,0.255
AATA,Tier 3,78,0.24358974358974358
ATCA,Tier 3,177,0.24293785310734464
CGTC,Tier 3,87,0.2413793103448276
AACC,Tier 3,103,0.23300970873786409
AGTC,Tier 3,117,0.23076923076923078
CGCC,Tier 2,164,0.22560975609756098
ACCC,Tier 2,163,0.22085889570552147
AGCC,Tier 2,200,0.22
CACC,Tier 2,200,0.21
AATC,Tier 3,85,0.18823529411764706
TGCA,Tier 3,200,0.175
GTCA,Tier 3,155,0.14838709677419354
CGCA,Tier 3,115,0.12173913043478261
GATC,No Tier,138,0.10869565217391304
GACA,No Tier,187,0.06417112299465241
GCGA,No Tier,79,0.0379746835443038
CGAT,No Tier,77,0.012987012987012988
ATAG,No Tier,87,0.011494252873563218
GTAC,No Tier,111,0.009009009009009009
CCAT,No Tier,200,0.005
GCAC,No Tier,173,0
TCAG,No Tier,200,0
TCAT,No Tier,200,0
