ID,cfd1,cfd2,cfd3,cfd4,cfd_final
ENSDART00000168930,0.0016187647542674909,0.0016187647542674909,0.0016187647542674909,0.0016187647542674909,0.0016187647542674909
,0.00042650600666403933,0.00042650600666403933,0.00042650600666403933,0.00042650600666403933,0.00042650600666403933
,0.03295233723408117,0.03295233723408117,0.021183645369473942,0.021183645369473942,0.021183645369473942
