ID,cfd1,cfd2,cfd3,cfd4,cfd_final
ENSDART00000168930,0.007149999997559721,0.007149999997559721,0.007149999997559721,0.007149999997559721,0.007149999997559721
,0.0,0.0,0.0,0.0,0.0
,0.16341536617410712,0.16341536617410712,0.16341536617410712,0.011490142934116907,0.011490142934116907
